"usrname	",ID,join_year(since_date)
ºúÂéÄË¤ê¤ª,@gomalio_y,2009
"³à‚}	",@akakura1341,2010
gs @g______sa,@g______sa,2018
Ç§µÀ¥»¥ó¥ê,@Senri_sen1,2019
¤ä¤µ(¤¤¤ë¤«¤Í¤³) @prsk_irukaneko,@prsk_irukaneko,2021
¥Ó¥ç¥ë¥Á @Byul_zzi,@Byul_zzi,2017
Éñ¼ªÀî»¨ @rikak,@rikak,2009
¥¤¥³©`¥ë @Equal_cps,@Equal_cps,2010
—@¤â¤è¤ó,@SakuraMoyon,2014
¤â¤è¤ó¤Îoff,@momo_moyon,2021
ÐÇ¤Î¼t²è,@hoshi0tea,2019
,,
,,
,,
,,
,,
,,
,,
,,
,,
,,
,,
,,
"	",,
"	",,
"	",,
"	",,
"	",,
"	",,
"	",,
"	",,
"	",,
"	",,
"	",,
"	",,
"	",,
"	",,
"	",,
"	",,
"	",,
"	",,
"	",,
"	",,
"	",,
"	",,
"	",,
"	",,
"	",,
"	",,
"	",,
"	",,
"	",,
"	",,
"	",,
"	",,
"	",,
"	",,
"	",,
"	",,
"	",,
"	",,
"	",,
"	",,
"	",,
"	",,
"	",,
"	",,
"	",,
"	",,
"	",,
"	",,
"	",,
"	",,
"	",,
"	",,
"	",,
"	",,
"	",,
"	",,
"	",,
"	",,
"	",,
"	",,
"	",,
"	",,
"	",,
"	",,
"	",,
"	",,
"	",,
"	",,
"	",,
"	",,
"	",,
"	",,
"	",,
"	",,
"	",,
"	",,
"	",,
"	",,
"	",,
"	",,
"	",,
"	",,
"	",,
"	",,
"	",,
"	",,
"	",,
"	",,
"	",,
"	",,
"	",,
"	",,
"	",,
"	",,
"	",,
"	",,
"	",,
"	",,
"	",,
"	",,
"	",,
"	",,
"	",,
"	",,
"	",,
"	",,
"	",,
"	",,
"	",,
"	",,
"	",,
"	",,
"	",,
"	",,
"	",,
"	",,
"	",,
"	",,
"	",,
"	",,
"	",,
"	",,
"	",,
"	",,
"	",,
"	",,
"	",,
"	",,
"	",,
